[
  {
    "id": 0,
    "name": "Paçoca",
    "picture": "images/scottish-terrier.jpeg",
    "age": 3,
    "breed": "Scottish Terrier",
    "location": "Lisco, Alabama"
  },
  {
    "id": 1,
    "name": "Banana",
    "picture": "images/scottish-terrier.jpeg",
    "age": 3,
    "breed": "Scottish Terrier",
    "location": "Tooleville, West Virginia"
  },
  {
    "id": 2,
    "name": "Canela",
    "picture": "images/french-bulldog.jpeg",
    "age": 2,
    "breed": "French Bulldog",
    "location": "Freeburn, Idaho"
  },
  {
    "id": 3,
    "name": "Melinda",
    "picture": "images/boxer.jpeg",
    "age": 2,
    "breed": "Boxer",
    "location": "Camas, Pennsylvania"
  },
  {
    "id": 4,
    "name": "Malu",
    "picture": "images/french-bulldog.jpeg",
    "age": 2,
    "breed": "French Bulldog",
    "location": "Gerber, South Dakota"
  },
  {
    "id": 5,
    "name": "Tessa",
    "picture": "images/french-bulldog.jpeg",
    "age": 3,
    "breed": "French Bulldog",
    "location": "Innsbrook, Illinois"
  },
  {
    "id": 6,
    "name": "Pudim",
    "picture": "images/golden-retriever.jpeg",
    "age": 3,
    "breed": "Golden Retriever",
    "location": "Soudan, Louisiana"
  },
  {
    "id": 7,
    "name": "Caramelo",
    "picture": "images/golden-retriever.jpeg",
    "age": 3,
    "breed": "Golden Retriever",
    "location": "Jacksonwald, Palau"
  },
  {
    "id": 8,
    "name": "Lilica",
    "picture": "images/french-bulldog.jpeg",
    "age": 2,
    "breed": "French Bulldog",
    "location": "Honolulu, Hawaii"
  },
  {
    "id": 9,
    "name": "Jojo",
    "picture": "images/boxer.jpeg",
    "age": 3,
    "breed": "Boxer",
    "location": "Matheny, Utah"
  },
  {
    "id": 10,
    "name": "Paçoquinha",
    "picture": "images/boxer.jpeg",
    "age": 2,
    "breed": "Boxer",
    "location": "Tyhee, Indiana"
  },
  {
    "id": 11,
    "name": "Dean",
    "picture": "images/scottish-terrier.jpeg",
    "age": 3,
    "breed": "Scottish Terrier",
    "location": "Windsor, Montana"
  },
  {
    "id": 12,
    "name": "Gigi",
    "picture": "images/french-bulldog.jpeg",
    "age": 3,
    "breed": "French Bulldog",
    "location": "Kingstowne, Nevada"
  }
]
